source,topic,skill_tag,confidence,difficulty,difficulty_tier,needs_review
Test-1A-Q1,algebra,fraction_arithmetic,0.85,1,easy,no
Test-1A-Q10,algebra,number_representation,0.50,1,easy,yes
Test-1A-Q11,geometry,triangle_geometry,0.85,1,easy,no
Test-1A-Q12,combinatorics,permutation_arrangement,0.95,1,easy,no
Test-1A-Q13,logarithms,logarithm,0.95,1,easy,no
Test-1A-Q14,algebra,quadratic_equation,0.90,1,easy,no
Test-1A-Q15,functions,function_inverse_composite,0.95,1,easy,no
Test-1A-Q16,probability,compound_event,0.60,1,easy,yes
Test-1A-Q17,sequences,progression,0.95,1,easy,no
Test-1A-Q18,sequences,progression,0.70,1,easy,no
Test-1A-Q19,algebra,coordinate_geometry,0.90,1,easy,no
Test-1A-Q2,algebra,radical_expression,0.90,1,easy,no
Test-1A-Q20,algebra,quadratic_inequality,0.85,1,easy,no
Test-1A-Q21,functions,function_graph,0.55,1,easy,yes
Test-1A-Q22,algebra,number_representation,0.55,1,easy,yes
Test-1A-Q23,algebra,polynomial_remainder,0.95,1,easy,no
Test-1A-Q24,algebra,quadratic_equation,0.90,1,easy,no
Test-1A-Q25,algebra,word_problem_arithmetic,0.65,1,easy,yes
Test-1A-Q26,trigonometry,trig_identity,0.95,1,easy,no
Test-1A-Q27,algebra,number_representation,0.95,1,easy,no
Test-1A-Q28,geometry,triangle_geometry,0.85,1,easy,no
Test-1A-Q29,functions,function_graph,0.85,1,easy,no
Test-1A-Q3,algebra,number_representation,0.85,1,easy,no
Test-1A-Q30,functions,function_graph,0.65,1,easy,yes
Test-1A-Q31,algebra,number_representation,0.85,1,easy,no
Test-1A-Q32,algebra,matrix_operation,0.90,1,easy,no
Test-1A-Q33,algebra,system_of_equations,0.85,1,easy,no
Test-1A-Q34,functions,function_graph,0.90,1,easy,no
Test-1A-Q35,algebra,quadratic_inequality,0.55,1,easy,yes
Test-1A-Q36,functions,function_graph,0.65,1,easy,yes
Test-1A-Q4,algebra,fraction_arithmetic,0.80,1,easy,no
Test-1A-Q5,algebra,exponent_rules,0.80,1,easy,no
Test-1A-Q6,logarithms,logarithm,0.95,1,easy,no
Test-1A-Q7,geometry,triangle_geometry,0.90,1,easy,no
Test-1A-Q8,algebra,quadratic_equation,0.95,1,easy,no
Test-1A-Q9,algebra,exponent_rules,0.75,1,easy,no
Test-1B-Q1,algebra,fraction_arithmetic,0.85,1,easy,no
Test-1B-Q10,algebra,number_representation,0.50,1,easy,yes
Test-1B-Q11,geometry,triangle_geometry,0.85,1,easy,no
Test-1B-Q12,combinatorics,permutation_arrangement,0.95,1,easy,no
Test-1B-Q13,logarithms,logarithm,0.95,1,easy,no
Test-1B-Q14,algebra,quadratic_equation,0.90,1,easy,no
Test-1B-Q15,functions,function_inverse_composite,0.95,1,easy,no
Test-1B-Q16,probability,compound_event,0.60,1,easy,yes
Test-1B-Q17,sequences,progression,0.95,1,easy,no
Test-1B-Q18,sequences,progression,0.70,1,easy,no
Test-1B-Q19,algebra,coordinate_geometry,0.90,1,easy,no
Test-1B-Q2,algebra,radical_expression,0.90,1,easy,no
Test-1B-Q20,algebra,quadratic_inequality,0.85,1,easy,no
Test-1B-Q21,functions,function_graph,0.55,1,easy,yes
Test-1B-Q22,algebra,number_representation,0.55,1,easy,yes
Test-1B-Q23,algebra,polynomial_remainder,0.95,1,easy,no
Test-1B-Q24,algebra,quadratic_equation,0.90,1,easy,no
Test-1B-Q25,algebra,word_problem_arithmetic,0.65,1,easy,yes
Test-1B-Q26,trigonometry,trig_identity,0.95,1,easy,no
Test-1B-Q27,algebra,number_representation,0.95,1,easy,no
Test-1B-Q28,geometry,triangle_geometry,0.85,1,easy,no
Test-1B-Q29,functions,function_graph,0.85,1,easy,no
Test-1B-Q3,algebra,number_representation,0.85,1,easy,no
Test-1B-Q30,functions,function_graph,0.65,1,easy,yes
Test-1B-Q31,statistics,number_representation,0.85,1,easy,no
Test-1B-Q32,algebra,matrix_operation,0.90,1,easy,no
Test-1B-Q33,algebra,system_of_equations,0.85,1,easy,no
Test-1B-Q34,functions,function_graph,0.90,1,easy,no
Test-1B-Q35,algebra,quadratic_inequality,0.55,1,easy,yes
Test-1B-Q36,functions,function_graph,0.65,1,easy,yes
Test-1B-Q4,algebra,fraction_arithmetic,0.80,1,easy,no
Test-1B-Q5,algebra,exponent_rules,0.80,1,easy,no
Test-1B-Q6,logarithms,logarithm,0.95,1,easy,no
Test-1B-Q7,geometry,triangle_geometry,0.90,1,easy,no
Test-1B-Q8,algebra,quadratic_equation,0.95,1,easy,no
Test-1B-Q9,algebra,exponent_rules,0.75,1,easy,no
Test-2021A-Q1,arithmetic,number_representation,0.98,1,easy,no
Test-2021A-Q10,calculus,derivative_rules,0.95,1,easy,no
Test-2021A-Q11,arithmetic,number_representation,0.95,1,easy,no
Test-2021A-Q12,statistics,dispersion,0.95,1,easy,no
Test-2021A-Q13,algebra,radical_expression,0.80,1,easy,no
Test-2021A-Q14,algebra,matrix_inverse,0.98,1,easy,no
Test-2021A-Q15,algebra,system_of_equations,0.95,1,easy,no
Test-2021A-Q16,functions,function_domain_range,0.85,1,easy,no
Test-2021A-Q17,algebra,polynomial_remainder,0.98,1,easy,no
Test-2021A-Q18,set_theory,set_theory,0.98,1,easy,no
Test-2021A-Q19,combinatorics,counting_principle,0.95,1,easy,no
Test-2021A-Q2,arithmetic,number_representation,0.98,1,easy,no
Test-2021A-Q20,geometry,solid_geometry,0.90,1,easy,no
Test-2021A-Q21,algebra,polynomial_factoring,0.70,1,easy,no
Test-2021A-Q22,algebra,linear_equation,0.60,1,easy,yes
Test-2021A-Q23,calculus,indefinite_integral,0.85,1,easy,no
Test-2021A-Q24,calculus,derivative_application,0.95,1,easy,no
Test-2021A-Q25,vectors,vector_geometry,0.95,1,easy,no
Test-2021A-Q26,statistics,central_tendency,0.90,1,easy,no
Test-2021A-Q27,algebra,rational_expression,0.98,1,easy,no
Test-2021A-Q28,arithmetic,word_problem_arithmetic,0.90,1,easy,no
Test-2021A-Q29,geometry,geometric_transformation,0.95,1,easy,no
Test-2021A-Q3,arithmetic,number_representation,0.95,1,easy,no
Test-2021A-Q30,algebra,progression,0.98,1,easy,no
Test-2021A-Q31,vectors,vector_geometry,0.95,1,easy,no
Test-2021A-Q32,calculus,definite_integral,0.98,1,easy,no
Test-2021A-Q33,geometry,triangle_geometry,0.75,1,easy,no
Test-2021A-Q34,geometry,solid_geometry,0.90,1,easy,no
Test-2021A-Q35,geometry,geometric_transformation,0.60,1,easy,yes
Test-2021A-Q36,algebra,quadratic_inequality,0.90,1,easy,no
Test-2021A-Q4,probability,compound_event,0.80,1,easy,no
Test-2021A-Q5,algebra,exponent_rules,0.65,1,easy,yes
Test-2021A-Q6,functions,function_domain_range,0.65,1,easy,yes
Test-2021A-Q7,geometry,coordinate_geometry,0.95,1,easy,no
Test-2021A-Q8,algebra,matrix_operation,0.95,1,easy,no
Test-2021A-Q9,trigonometry,trig_identity,0.90,1,easy,no
Test-2021B-Q1,arithmetic,number_representation,0.98,1,easy,no
Test-2021B-Q10,calculus,derivative_rules,0.95,1,easy,no
Test-2021B-Q11,arithmetic,number_representation,0.95,1,easy,no
Test-2021B-Q12,statistics,dispersion,0.95,1,easy,no
Test-2021B-Q13,algebra,radical_expression,0.80,1,easy,no
Test-2021B-Q14,algebra,matrix_inverse,0.98,1,easy,no
Test-2021B-Q15,algebra,system_of_equations,0.95,1,easy,no
Test-2021B-Q16,functions,function_domain_range,0.85,1,easy,no
Test-2021B-Q17,algebra,polynomial_remainder,0.98,1,easy,no
Test-2021B-Q18,set_theory,set_theory,0.98,1,easy,no
Test-2021B-Q19,combinatorics,counting_principle,0.95,1,easy,no
Test-2021B-Q2,arithmetic,number_representation,0.98,1,easy,no
Test-2021B-Q20,geometry,solid_geometry,0.90,1,easy,no
Test-2021B-Q21,algebra,polynomial_factoring,0.70,1,easy,no
Test-2021B-Q22,algebra,linear_equation,0.60,1,easy,yes
Test-2021B-Q23,calculus,indefinite_integral,0.85,1,easy,no
Test-2021B-Q24,calculus,derivative_application,0.95,1,easy,no
Test-2021B-Q25,vectors,vector_geometry,0.95,1,easy,no
Test-2021B-Q26,statistics,central_tendency,0.90,1,easy,no
Test-2021B-Q27,algebra,rational_expression,0.98,1,easy,no
Test-2021B-Q28,arithmetic,word_problem_arithmetic,0.90,1,easy,no
Test-2021B-Q29,geometry,geometric_transformation,0.95,1,easy,no
Test-2021B-Q3,arithmetic,number_representation,0.95,1,easy,no
Test-2021B-Q30,algebra,progression,0.98,1,easy,no
Test-2021B-Q31,vectors,vector_geometry,0.95,1,easy,no
Test-2021B-Q32,calculus,definite_integral,0.98,1,easy,no
Test-2021B-Q33,geometry,triangle_geometry,0.75,1,easy,no
Test-2021B-Q34,geometry,solid_geometry,0.90,1,easy,no
Test-2021B-Q35,geometry,geometric_transformation,0.60,1,easy,yes
Test-2021B-Q36,algebra,quadratic_inequality,0.90,1,easy,no
Test-2021B-Q4,probability,compound_event,0.80,1,easy,no
Test-2021B-Q5,algebra,exponent_rules,0.65,1,easy,yes
Test-2021B-Q6,functions,function_domain_range,0.65,1,easy,yes
Test-2021B-Q7,geometry,coordinate_geometry,0.95,1,easy,no
Test-2021B-Q8,algebra,matrix_operation,0.95,1,easy,no
Test-2021B-Q9,trigonometry,trig_identity,0.90,1,easy,no
Test-2021C-Q1,arithmetic,number_representation,0.98,1,easy,no
Test-2021C-Q10,calculus,derivative_rules,0.95,1,easy,no
Test-2021C-Q11,arithmetic,number_representation,0.95,1,easy,no
Test-2021C-Q12,statistics,dispersion,0.95,1,easy,no
Test-2021C-Q13,algebra,radical_expression,0.80,1,easy,no
Test-2021C-Q14,algebra,matrix_inverse,0.98,1,easy,no
Test-2021C-Q15,algebra,system_of_equations,0.95,1,easy,no
Test-2021C-Q16,functions,function_domain_range,0.85,1,easy,no
Test-2021C-Q17,algebra,polynomial_remainder,0.98,1,easy,no
Test-2021C-Q18,set_theory,set_theory,0.98,1,easy,no
Test-2021C-Q19,combinatorics,counting_principle,0.95,1,easy,no
Test-2021C-Q2,arithmetic,number_representation,0.98,1,easy,no
Test-2021C-Q20,geometry,solid_geometry,0.90,1,easy,no
Test-2021C-Q21,algebra,polynomial_factoring,0.70,1,easy,no
Test-2021C-Q22,algebra,linear_equation,0.60,1,easy,yes
Test-2021C-Q23,calculus,indefinite_integral,0.85,1,easy,no
Test-2021C-Q24,calculus,derivative_application,0.95,1,easy,no
Test-2021C-Q25,vectors,vector_geometry,0.95,1,easy,no
Test-2021C-Q26,statistics,central_tendency,0.90,1,easy,no
Test-2021C-Q27,algebra,rational_expression,0.98,1,easy,no
Test-2021C-Q28,arithmetic,word_problem_arithmetic,0.90,1,easy,no
Test-2021C-Q29,geometry,geometric_transformation,0.95,1,easy,no
Test-2021C-Q3,arithmetic,number_representation,0.95,1,easy,no
Test-2021C-Q30,algebra,progression,0.98,1,easy,no
Test-2021C-Q31,vectors,vector_geometry,0.95,1,easy,no
Test-2021C-Q32,calculus,definite_integral,0.98,1,easy,no
Test-2021C-Q33,geometry,triangle_geometry,0.75,1,easy,no
Test-2021C-Q34,geometry,solid_geometry,0.90,1,easy,no
Test-2021C-Q35,geometry,geometric_transformation,0.60,1,easy,yes
Test-2021C-Q36,algebra,quadratic_inequality,0.90,1,easy,no
Test-2021C-Q4,probability,compound_event,0.80,1,easy,no
Test-2021C-Q5,algebra,exponent_rules,0.65,1,easy,yes
Test-2021C-Q6,functions,function_domain_range,0.65,1,easy,yes
Test-2021C-Q7,geometry,coordinate_geometry,0.95,1,easy,no
Test-2021C-Q8,algebra,matrix_operation,0.95,1,easy,no
Test-2021C-Q9,trigonometry,trig_identity,0.90,1,easy,no
Test-2021D-Q1,Арифметик,number_representation,0.98,1,easy,no
Test-2021D-Q10,Анализ,derivative_rules,0.95,1,easy,no
Test-2021D-Q11,Арифметик,number_representation,0.95,1,easy,no
Test-2021D-Q12,Статистик,dispersion,0.95,1,easy,no
Test-2021D-Q13,Алгебр,radical_expression,0.80,1,easy,no
Test-2021D-Q14,Алгебр,matrix_inverse,0.98,1,easy,no
Test-2021D-Q15,Алгебр,system_of_equations,0.95,1,easy,no
Test-2021D-Q16,Функц,function_domain_range,0.85,1,easy,no
Test-2021D-Q17,Алгебр,polynomial_remainder,0.98,1,easy,no
Test-2021D-Q18,set_theory,set_theory,0.98,1,easy,no
Test-2021D-Q19,Комбинаторик,counting_principle,0.95,1,easy,no
Test-2021D-Q2,Арифметик,number_representation,0.98,1,easy,no
Test-2021D-Q20,Геометр,solid_geometry,0.90,1,easy,no
Test-2021D-Q21,Алгебр,polynomial_factoring,0.70,1,easy,no
Test-2021D-Q22,Алгебр,linear_equation,0.60,1,easy,yes
Test-2021D-Q23,Анализ,indefinite_integral,0.85,1,easy,no
Test-2021D-Q24,Анализ,derivative_application,0.95,1,easy,no
Test-2021D-Q25,Вектор,vector_geometry,0.95,1,easy,no
Test-2021D-Q26,Статистик,central_tendency,0.90,1,easy,no
Test-2021D-Q27,Алгебр,rational_expression,0.98,1,easy,no
Test-2021D-Q28,Алгебр,word_problem_arithmetic,0.90,1,easy,no
Test-2021D-Q29,Геометр,geometric_transformation,0.95,1,easy,no
Test-2021D-Q3,Арифметик,number_representation,0.95,1,easy,no
Test-2021D-Q30,Дараалал,progression,0.98,1,easy,no
Test-2021D-Q31,Вектор,vector_geometry,0.95,1,easy,no
Test-2021D-Q32,Анализ,definite_integral,0.98,1,easy,no
Test-2021D-Q33,Геометр,triangle_geometry,0.75,1,easy,no
Test-2021D-Q34,Геометр,solid_geometry,0.90,1,easy,no
Test-2021D-Q35,Геометр,geometric_transformation,0.60,1,easy,yes
Test-2021D-Q36,Алгебр,quadratic_inequality,0.90,1,easy,no
Test-2021D-Q4,Магадлал,compound_event,0.80,1,easy,no
Test-2021D-Q5,Алгебр,exponent_rules,0.65,1,easy,yes
Test-2021D-Q6,Функц,function_domain_range,0.65,1,easy,yes
Test-2021D-Q7,Геометр,coordinate_geometry,0.95,1,easy,no
Test-2021D-Q8,Алгебр,matrix_operation,0.95,1,easy,no
Test-2021D-Q9,Тригонометр,trig_identity,0.90,1,easy,no
Test-2022A-Q1,Exponents,exponent_rules,0.90,1,easy,no
Test-2022A-Q10,Algebra,rational_expression,0.60,1,easy,yes
Test-2022A-Q11,Algebra,radical_expression,0.65,1,easy,yes
Test-2022A-Q12,Coordinate Geometry,coordinate_geometry,0.90,1,easy,no
Test-2022A-Q13,Probability,compound_event,0.80,1,easy,no
Test-2022A-Q14,Geometry,solid_geometry,0.95,1,easy,no
Test-2022A-Q15,Calculus,derivative_application,0.90,1,easy,no
Test-2022A-Q16,Trigonometry,trig_triangle,0.98,1,easy,no
Test-2022A-Q17,Complex Numbers,complex_numbers,0.98,1,easy,no
Test-2022A-Q18,Probability,discrete_distribution,0.90,1,easy,no
Test-2022A-Q19,Vectors,vector_geometry,0.95,1,easy,no
Test-2022A-Q2,Statistics,central_tendency,0.95,1,easy,no
Test-2022A-Q20,Calculus,indefinite_integral,0.90,1,easy,no
Test-2022A-Q21,Algebra,radical_expression,0.70,1,easy,no
Test-2022A-Q22,Sequences and Series,progression,0.98,1,easy,no
Test-2022A-Q23,Equations,system_of_equations,0.90,1,easy,no
Test-2022A-Q24,Polynomials,polynomial_factoring,0.85,1,easy,no
Test-2022A-Q25,Functions,function_inverse_composite,0.95,1,easy,no
Test-2022A-Q26,Trigonometry,trig_identity,0.90,1,easy,no
Test-2022A-Q27,Geometry,polygon_geometry,0.75,1,easy,no
Test-2022A-Q28,Calculus,definite_integral,0.98,1,easy,no
Test-2022A-Q29,Coordinate Geometry,geometric_transformation,0.90,1,easy,no
Test-2022A-Q3,Functions,function_domain_range,0.75,1,easy,no
Test-2022A-Q30,Statistics,dispersion,0.90,1,easy,no
Test-2022A-Q31,Calculus,definite_integral,0.95,1,easy,no
Test-2022A-Q32,Algebra,quadratic_inequality,0.90,1,easy,no
Test-2022A-Q33,Coordinate Geometry,coordinate_geometry,0.70,1,easy,no
Test-2022A-Q34,Probability,discrete_distribution,0.65,1,easy,yes
Test-2022A-Q35,Vectors,vector_geometry,0.95,1,easy,no
Test-2022A-Q36,Polynomials,polynomial_remainder,0.95,1,easy,no
Test-2022A-Q4,Sets,set_theory,0.98,1,easy,no
Test-2022A-Q5,Matrices,matrix_operation,0.95,1,easy,no
Test-2022A-Q6,Vectors,vector_geometry,0.95,1,easy,no
Test-2022A-Q7,Vectors,geometric_transformation,0.80,1,easy,no
Test-2022A-Q8,Calculus,derivative_rules,0.95,1,easy,no
Test-2022A-Q9,Arithmetic,fraction_arithmetic,0.98,1,easy,no
Test-2022B-Q1,algebra,exponent_rules,0.90,1,easy,no
Test-2022B-Q10,algebra,rational_expression,0.60,1,easy,yes
Test-2022B-Q11,algebra,radical_expression,0.65,1,easy,yes
Test-2022B-Q12,geometry,coordinate_geometry,0.90,1,easy,no
Test-2022B-Q13,probability,compound_event,0.80,1,easy,no
Test-2022B-Q14,geometry,solid_geometry,0.95,1,easy,no
Test-2022B-Q15,calculus,derivative_application,0.90,1,easy,no
Test-2022B-Q16,trigonometry,trig_triangle,0.98,1,easy,no
Test-2022B-Q17,complex_numbers,complex_numbers,0.98,1,easy,no
Test-2022B-Q18,statistics,discrete_distribution,0.90,1,easy,no
Test-2022B-Q19,vectors,vector_geometry,0.95,1,easy,no
Test-2022B-Q2,statistics,central_tendency,0.95,1,easy,no
Test-2022B-Q20,calculus,indefinite_integral,0.90,1,easy,no
Test-2022B-Q21,algebra,radical_expression,0.70,1,easy,no
Test-2022B-Q22,sequences,progression,0.98,1,easy,no
Test-2022B-Q23,algebra,system_of_equations,0.90,1,easy,no
Test-2022B-Q24,algebra,polynomial_factoring,0.85,1,easy,no
Test-2022B-Q25,functions,function_inverse_composite,0.95,1,easy,no
Test-2022B-Q26,trigonometry,trig_identity,0.90,1,easy,no
Test-2022B-Q27,geometry,polygon_geometry,0.75,1,easy,no
Test-2022B-Q28,calculus,definite_integral,0.98,1,easy,no
Test-2022B-Q29,geometry,geometric_transformation,0.90,1,easy,no
Test-2022B-Q3,functions,function_domain_range,0.75,1,easy,no
Test-2022B-Q30,statistics,dispersion,0.90,1,easy,no
Test-2022B-Q31,calculus,definite_integral,0.95,1,easy,no
Test-2022B-Q32,algebra,quadratic_inequality,0.90,1,easy,no
Test-2022B-Q33,geometry,coordinate_geometry,0.70,1,easy,no
Test-2022B-Q34,probability,discrete_distribution,0.65,1,easy,yes
Test-2022B-Q35,vectors,vector_geometry,0.95,1,easy,no
Test-2022B-Q36,algebra,polynomial_remainder,0.95,1,easy,no
Test-2022B-Q4,sets,set_theory,0.98,1,easy,no
Test-2022B-Q5,linear_algebra,matrix_operation,0.95,1,easy,no
Test-2022B-Q6,vectors,vector_geometry,0.95,1,easy,no
Test-2022B-Q7,geometry,geometric_transformation,0.80,1,easy,no
Test-2022B-Q8,calculus,derivative_rules,0.95,1,easy,no
Test-2022B-Q9,arithmetic,fraction_arithmetic,0.98,1,easy,no
Test-2022C-Q1,algebra,exponent_rules,0.90,1,easy,no
Test-2022C-Q10,algebra,rational_expression,0.60,1,easy,yes
Test-2022C-Q11,algebra,radical_expression,0.65,1,easy,yes
Test-2022C-Q12,geometry,coordinate_geometry,0.90,1,easy,no
Test-2022C-Q13,probability,compound_event,0.80,1,easy,no
Test-2022C-Q14,geometry,solid_geometry,0.95,1,easy,no
Test-2022C-Q15,calculus,derivative_application,0.90,1,easy,no
Test-2022C-Q16,trigonometry,trig_triangle,0.98,1,easy,no
Test-2022C-Q17,complex_numbers,complex_numbers,0.98,1,easy,no
Test-2022C-Q18,statistics,discrete_distribution,0.90,1,easy,no
Test-2022C-Q19,vectors,vector_geometry,0.95,1,easy,no
Test-2022C-Q2,statistics,central_tendency,0.95,1,easy,no
Test-2022C-Q20,calculus,indefinite_integral,0.90,1,easy,no
Test-2022C-Q21,algebra,radical_expression,0.70,1,easy,no
Test-2022C-Q22,sequences,progression,0.98,1,easy,no
Test-2022C-Q23,algebra,system_of_equations,0.90,1,easy,no
Test-2022C-Q24,algebra,polynomial_factoring,0.85,1,easy,no
Test-2022C-Q25,functions,function_inverse_composite,0.95,1,easy,no
Test-2022C-Q26,trigonometry,trig_identity,0.90,1,easy,no
Test-2022C-Q27,geometry,polygon_geometry,0.75,1,easy,no
Test-2022C-Q28,calculus,definite_integral,0.98,1,easy,no
Test-2022C-Q29,geometry,geometric_transformation,0.90,1,easy,no
Test-2022C-Q3,functions,function_domain_range,0.75,1,easy,no
Test-2022C-Q30,statistics,dispersion,0.90,1,easy,no
Test-2022C-Q31,calculus,definite_integral,0.95,1,easy,no
Test-2022C-Q32,algebra,quadratic_inequality,0.90,1,easy,no
Test-2022C-Q33,geometry,coordinate_geometry,0.70,1,easy,no
Test-2022C-Q34,probability,discrete_distribution,0.65,1,easy,yes
Test-2022C-Q35,vectors,vector_geometry,0.95,1,easy,no
Test-2022C-Q36,algebra,polynomial_remainder,0.95,1,easy,no
Test-2022C-Q4,sets,set_theory,0.98,1,easy,no
Test-2022C-Q5,linear_algebra,matrix_operation,0.95,1,easy,no
Test-2022C-Q6,vectors,vector_geometry,0.95,1,easy,no
Test-2022C-Q7,geometry,geometric_transformation,0.80,1,easy,no
Test-2022C-Q8,calculus,derivative_rules,0.95,1,easy,no
Test-2022C-Q9,arithmetic,fraction_arithmetic,0.98,1,easy,no
Test-2022D-Q1,algebra,exponent_rules,0.90,1,easy,no
Test-2022D-Q10,algebra,rational_expression,0.60,1,easy,yes
Test-2022D-Q11,algebra,radical_expression,0.65,1,easy,yes
Test-2022D-Q12,geometry,coordinate_geometry,0.90,1,easy,no
Test-2022D-Q13,probability,compound_event,0.80,1,easy,no
Test-2022D-Q14,geometry,solid_geometry,0.95,1,easy,no
Test-2022D-Q15,calculus,derivative_application,0.90,1,easy,no
Test-2022D-Q16,trigonometry,trig_triangle,0.98,1,easy,no
Test-2022D-Q17,complex_numbers,complex_numbers,0.98,1,easy,no
Test-2022D-Q18,statistics,discrete_distribution,0.90,1,easy,no
Test-2022D-Q19,vectors,vector_geometry,0.95,1,easy,no
Test-2022D-Q2,statistics,central_tendency,0.95,1,easy,no
Test-2022D-Q20,calculus,indefinite_integral,0.90,1,easy,no
Test-2022D-Q21,algebra,radical_expression,0.70,1,easy,no
Test-2022D-Q22,sequences,progression,0.98,1,easy,no
Test-2022D-Q23,algebra,system_of_equations,0.90,1,easy,no
Test-2022D-Q24,algebra,polynomial_factoring,0.85,1,easy,no
Test-2022D-Q25,functions,function_inverse_composite,0.95,1,easy,no
Test-2022D-Q26,trigonometry,trig_identity,0.90,1,easy,no
Test-2022D-Q27,geometry,polygon_geometry,0.75,1,easy,no
Test-2022D-Q28,calculus,definite_integral,0.98,1,easy,no
Test-2022D-Q29,geometry,geometric_transformation,0.90,1,easy,no
Test-2022D-Q3,functions,function_domain_range,0.75,1,easy,no
Test-2022D-Q30,statistics,dispersion,0.90,1,easy,no
Test-2022D-Q31,calculus,definite_integral,0.95,1,easy,no
Test-2022D-Q32,algebra,quadratic_inequality,0.90,1,easy,no
Test-2022D-Q33,geometry,coordinate_geometry,0.70,1,easy,no
Test-2022D-Q34,probability,discrete_distribution,0.65,1,easy,yes
Test-2022D-Q35,vectors,vector_geometry,0.95,1,easy,no
Test-2022D-Q36,algebra,polynomial_remainder,0.95,1,easy,no
Test-2022D-Q4,sets,set_theory,0.98,1,easy,no
Test-2022D-Q5,linear_algebra,matrix_operation,0.95,1,easy,no
Test-2022D-Q6,vectors,vector_geometry,0.95,1,easy,no
Test-2022D-Q7,geometry,geometric_transformation,0.80,1,easy,no
Test-2022D-Q8,calculus,derivative_rules,0.95,1,easy,no
Test-2022D-Q9,arithmetic,fraction_arithmetic,0.98,1,easy,no
Test-2023A-Q1,Арифметик,radical_expression,0.90,1,easy,no
Test-2023A-Q10,Алгебр,logarithm,0.90,1,easy,no
Test-2023A-Q11,Арифметик,progression,0.90,1,easy,no
Test-2023A-Q12,Тригонометр,trig_value,0.95,1,easy,no
Test-2023A-Q13,Аналитик геометр,geometric_transformation,0.70,1,easy,no
Test-2023A-Q14,Алгебр,rational_expression,0.90,1,easy,no
Test-2023A-Q15,Анализ,derivative_rules,0.95,1,easy,no
Test-2023A-Q16,Магадлал,compound_event,0.90,1,easy,no
Test-2023A-Q17,Вектор,vector_geometry,0.95,1,easy,no
Test-2023A-Q18,Комплекс тоо,complex_numbers,0.90,1,easy,no
Test-2023A-Q19,Алгебр,exponent_rules,0.60,1,easy,yes
Test-2023A-Q2,Аналитик геометр,coordinate_geometry,0.90,1,easy,no
Test-2023A-Q20,Матриц,matrix_inverse,0.90,1,easy,no
Test-2023A-Q21,Геометр,trig_triangle,0.98,1,easy,no
Test-2023A-Q22,Аналитик геометр,coordinate_geometry,0.95,1,easy,no
Test-2023A-Q23,Матриц,geometric_transformation,0.90,1,easy,no
Test-2023A-Q24,Геометр,solid_geometry,0.90,1,easy,no
Test-2023A-Q25,Анализ,indefinite_integral,0.95,1,easy,no
Test-2023A-Q26,Статистик,dispersion,0.95,1,easy,no
Test-2023A-Q27,Комбинаторик,permutation_arrangement,0.95,1,easy,no
Test-2023A-Q28,Анализ,definite_integral,0.98,1,easy,no
Test-2023A-Q29,Тригонометр,trig_identity,0.90,1,easy,no
Test-2023A-Q3,Вектор,vector_geometry,0.90,1,easy,no
Test-2023A-Q30,Алгебр,quadratic_inequality,0.85,1,easy,no
Test-2023A-Q31,Статистик,central_tendency,0.65,1,easy,yes
Test-2023A-Q32,Анализ,derivative_application,0.95,1,easy,no
Test-2023A-Q33,Геометр,triangle_geometry,0.95,1,easy,no
Test-2023A-Q34,Алгебр,polynomial_remainder,0.95,1,easy,no
Test-2023A-Q35,Анализ,derivative_application,0.95,1,easy,no
Test-2023A-Q36,Матриц,matrix_operation,0.75,1,easy,no
Test-2023A-Q4,Олонлог,set_theory,0.95,1,easy,no
Test-2023A-Q5,Комплекс тоо,complex_numbers,0.98,1,easy,no
Test-2023A-Q6,Магадлал,discrete_distribution,0.95,1,easy,no
Test-2023A-Q7,Алгебр,function_graph,0.60,1,easy,yes
Test-2023A-Q8,Геометр,circle_geometry,0.95,1,easy,no
Test-2023A-Q9,Статистик,data_display,0.70,1,easy,no
Test-2023B-Q1,Arithmetic,radical_expression,0.90,1,easy,no
Test-2023B-Q10,Logarithms,logarithm,0.90,1,easy,no
Test-2023B-Q11,Sequences and Series,progression,0.90,1,easy,no
Test-2023B-Q12,Trigonometry,trig_value,0.95,1,easy,no
Test-2023B-Q13,Coordinate Geometry,geometric_transformation,0.70,1,easy,no
Test-2023B-Q14,Algebra,rational_expression,0.90,1,easy,no
Test-2023B-Q15,Calculus,derivative_rules,0.95,1,easy,no
Test-2023B-Q16,Probability,compound_event,0.90,1,easy,no
Test-2023B-Q17,Vectors,vector_geometry,0.95,1,easy,no
Test-2023B-Q18,Complex Numbers,complex_numbers,0.90,1,easy,no
Test-2023B-Q19,Exponents and Logarithms,exponent_rules,0.60,1,easy,yes
Test-2023B-Q2,Coordinate Geometry,coordinate_geometry,0.90,1,easy,no
Test-2023B-Q20,Matrices,matrix_inverse,0.90,1,easy,no
Test-2023B-Q21,Trigonometry,trig_triangle,0.98,1,easy,no
Test-2023B-Q22,Coordinate Geometry,coordinate_geometry,0.95,1,easy,no
Test-2023B-Q23,Matrices,geometric_transformation,0.90,1,easy,no
Test-2023B-Q24,Solid Geometry,solid_geometry,0.90,1,easy,no
Test-2023B-Q25,Calculus,indefinite_integral,0.95,1,easy,no
Test-2023B-Q26,Statistics,dispersion,0.95,1,easy,no
Test-2023B-Q27,Combinatorics,permutation_arrangement,0.95,1,easy,no
Test-2023B-Q28,Calculus,definite_integral,0.98,1,easy,no
Test-2023B-Q29,Trigonometry,trig_identity,0.90,1,easy,no
Test-2023B-Q3,Vectors,vector_geometry,0.90,1,easy,no
Test-2023B-Q30,Algebra,quadratic_inequality,0.85,1,easy,no
Test-2023B-Q31,Statistics,central_tendency,0.65,1,easy,yes
Test-2023B-Q32,Calculus,derivative_application,0.95,1,easy,no
Test-2023B-Q33,Geometry,triangle_geometry,0.95,1,easy,no
Test-2023B-Q34,Polynomials,polynomial_remainder,0.95,1,easy,no
Test-2023B-Q35,Calculus,derivative_application,0.95,1,easy,no
Test-2023B-Q36,Matrices,matrix_operation,0.75,1,easy,no
Test-2023B-Q4,Sets,set_theory,0.95,1,easy,no
Test-2023B-Q5,Complex Numbers,complex_numbers,0.98,1,easy,no
Test-2023B-Q6,Probability,discrete_distribution,0.95,1,easy,no
Test-2023B-Q7,Functions,function_graph,0.60,1,easy,yes
Test-2023B-Q8,Geometry,circle_geometry,0.95,1,easy,no
Test-2023B-Q9,Statistics,data_display,0.70,1,easy,no
Test-2023C-Q1,Arithmetic,radical_expression,0.90,1,easy,no
Test-2023C-Q10,Logarithms,logarithm,0.90,1,easy,no
Test-2023C-Q11,Sequences and Series,progression,0.90,1,easy,no
Test-2023C-Q12,Trigonometry,trig_value,0.95,1,easy,no
Test-2023C-Q13,Coordinate Geometry,geometric_transformation,0.70,1,easy,no
Test-2023C-Q14,Algebra,rational_expression,0.90,1,easy,no
Test-2023C-Q15,Calculus,derivative_rules,0.95,1,easy,no
Test-2023C-Q16,Probability,compound_event,0.90,1,easy,no
Test-2023C-Q17,Vectors,vector_geometry,0.95,1,easy,no
Test-2023C-Q18,Complex Numbers,complex_numbers,0.90,1,easy,no
Test-2023C-Q19,Exponents and Logarithms,exponent_rules,0.60,1,easy,yes
Test-2023C-Q2,Coordinate Geometry,coordinate_geometry,0.90,1,easy,no
Test-2023C-Q20,Matrices,matrix_inverse,0.90,1,easy,no
Test-2023C-Q21,Trigonometry,trig_triangle,0.98,1,easy,no
Test-2023C-Q22,Coordinate Geometry,coordinate_geometry,0.95,1,easy,no
Test-2023C-Q23,Matrices,geometric_transformation,0.90,1,easy,no
Test-2023C-Q24,Solid Geometry,solid_geometry,0.90,1,easy,no
Test-2023C-Q25,Calculus,indefinite_integral,0.95,1,easy,no
Test-2023C-Q26,Statistics,dispersion,0.95,1,easy,no
Test-2023C-Q27,Combinatorics,permutation_arrangement,0.95,1,easy,no
Test-2023C-Q28,Calculus,definite_integral,0.98,1,easy,no
Test-2023C-Q29,Trigonometry,trig_identity,0.90,1,easy,no
Test-2023C-Q3,Vectors,vector_geometry,0.90,1,easy,no
Test-2023C-Q30,Algebra,quadratic_inequality,0.85,1,easy,no
Test-2023C-Q31,Statistics,central_tendency,0.65,1,easy,yes
Test-2023C-Q32,Calculus,derivative_application,0.95,1,easy,no
Test-2023C-Q33,Geometry,triangle_geometry,0.95,1,easy,no
Test-2023C-Q34,Polynomials,polynomial_remainder,0.95,1,easy,no
Test-2023C-Q35,Calculus,derivative_application,0.95,1,easy,no
Test-2023C-Q36,Matrices,matrix_operation,0.75,1,easy,no
Test-2023C-Q4,Sets,set_theory,0.95,1,easy,no
Test-2023C-Q5,Complex Numbers,complex_numbers,0.98,1,easy,no
Test-2023C-Q6,Probability,discrete_distribution,0.95,1,easy,no
Test-2023C-Q7,Functions,function_graph,0.60,1,easy,yes
Test-2023C-Q8,Geometry,circle_geometry,0.95,1,easy,no
Test-2023C-Q9,Statistics,data_display,0.70,1,easy,no
Test-2023D-Q1,Arithmetic,radical_expression,0.90,1,easy,no
Test-2023D-Q10,Logarithms,logarithm,0.90,1,easy,no
Test-2023D-Q11,Sequences and Series,progression,0.90,1,easy,no
Test-2023D-Q12,Trigonometry,trig_value,0.95,1,easy,no
Test-2023D-Q13,Coordinate Geometry,geometric_transformation,0.70,1,easy,no
Test-2023D-Q14,Algebra,rational_expression,0.90,1,easy,no
Test-2023D-Q15,Calculus,derivative_rules,0.95,1,easy,no
Test-2023D-Q16,Probability,compound_event,0.90,1,easy,no
Test-2023D-Q17,Vectors,vector_geometry,0.95,1,easy,no
Test-2023D-Q18,Complex Numbers,complex_numbers,0.90,1,easy,no
Test-2023D-Q19,Exponents and Logarithms,exponent_rules,0.60,1,easy,yes
Test-2023D-Q2,Coordinate Geometry,coordinate_geometry,0.90,1,easy,no
Test-2023D-Q20,Matrices,matrix_inverse,0.90,1,easy,no
Test-2023D-Q21,Trigonometry,trig_triangle,0.98,1,easy,no
Test-2023D-Q22,Coordinate Geometry,coordinate_geometry,0.95,1,easy,no
Test-2023D-Q23,Matrices,geometric_transformation,0.90,1,easy,no
Test-2023D-Q24,Solid Geometry,solid_geometry,0.90,1,easy,no
Test-2023D-Q25,Calculus,indefinite_integral,0.95,1,easy,no
Test-2023D-Q26,Statistics,dispersion,0.95,1,easy,no
Test-2023D-Q27,Combinatorics,permutation_arrangement,0.95,1,easy,no
Test-2023D-Q28,Calculus,definite_integral,0.98,1,easy,no
Test-2023D-Q29,Trigonometry,trig_identity,0.90,1,easy,no
Test-2023D-Q3,Vectors,vector_geometry,0.90,1,easy,no
Test-2023D-Q30,Algebra,quadratic_inequality,0.85,1,easy,no
Test-2023D-Q31,Statistics,central_tendency,0.65,1,easy,yes
Test-2023D-Q32,Calculus,derivative_application,0.95,1,easy,no
Test-2023D-Q33,Geometry,triangle_geometry,0.95,1,easy,no
Test-2023D-Q34,Polynomials,polynomial_remainder,0.95,1,easy,no
Test-2023D-Q35,Calculus,derivative_application,0.95,1,easy,no
Test-2023D-Q36,Matrices,matrix_operation,0.75,1,easy,no
Test-2023D-Q4,Sets,set_theory,0.95,1,easy,no
Test-2023D-Q5,Complex Numbers,complex_numbers,0.98,1,easy,no
Test-2023D-Q6,Probability,discrete_distribution,0.95,1,easy,no
Test-2023D-Q7,Functions,function_graph,0.60,1,easy,yes
Test-2023D-Q8,Geometry,circle_geometry,0.95,1,easy,no
Test-2023D-Q9,Statistics,data_display,0.70,1,easy,no
Test-2024A-Q1,algebra,number_representation,0.50,1,easy,yes
Test-2024A-Q10,algebra,word_problem_arithmetic,0.80,1,easy,no
Test-2024A-Q11,algebra,rational_expression,0.95,1,easy,no
Test-2024A-Q12,geometry,triangle_geometry,0.95,1,easy,no
Test-2024A-Q13,trigonometry,trig_identity,0.80,2,easy,no
Test-2024A-Q14,geometry,coordinate_geometry,0.95,2,easy,no
Test-2024A-Q15,calculus,definite_integral,0.95,2,easy,no
Test-2024A-Q16,algebra,complex_numbers,0.95,2,easy,no
Test-2024A-Q17,probability,expected_value,0.90,2,easy,no
Test-2024A-Q18,probability,geometric_probability,0.95,2,easy,no
Test-2024A-Q19,calculus,indefinite_integral,0.90,2,easy,no
Test-2024A-Q2,probability,discrete_distribution,0.85,1,easy,no
Test-2024A-Q20,algebra,word_problem_arithmetic,0.85,2,easy,no
Test-2024A-Q21,algebra,quadratic_inequality,0.85,2,easy,no
Test-2024A-Q22,probability,compound_event,0.85,2,easy,no
Test-2024A-Q23,functions,function_graph,0.65,2,easy,yes
Test-2024A-Q24,algebra,logarithm,0.95,2,easy,no
Test-2024A-Q25,geometry,solid_geometry,0.90,3,medium,no
Test-2024A-Q26,algebra,polynomial_remainder,0.95,3,medium,no
Test-2024A-Q27,geometry,coordinate_geometry,0.80,3,medium,no
Test-2024A-Q28,combinatorics,counting_principle,0.85,3,medium,no
Test-2024A-Q29,algebra,progression,0.65,3,medium,yes
Test-2024A-Q3,algebra,linear_equation,0.95,1,easy,no
Test-2024A-Q30,algebra,polynomial_factoring,0.50,3,medium,yes
Test-2024A-Q31,calculus,indefinite_integral,0.95,3,medium,no
Test-2024A-Q32,algebra,geometric_transformation,0.95,3,medium,no
Test-2024A-Q33,geometry,circle_theorem,0.80,3,medium,no
Test-2024A-Q34,calculus,derivative_application,0.90,3,medium,no
Test-2024A-Q35,algebra,matrix_inverse,0.85,3,medium,no
Test-2024A-Q36,geometry,vector_geometry,0.90,3,medium,no
Test-2024A-Q4,algebra,exponent_rules,0.70,1,easy,no
Test-2024A-Q5,geometry,circle_geometry,0.90,1,easy,no
Test-2024A-Q6,combinatorics,combination_selection,0.60,1,easy,yes
Test-2024A-Q7,geometry,vector_geometry,0.90,1,easy,no
Test-2024A-Q8,calculus,derivative_rules,0.95,1,easy,no
Test-2024A-Q9,algebra,number_representation,0.90,1,easy,no
Test-2024B-Q1,algebra,number_representation,0.50,1,easy,yes
Test-2024B-Q10,algebra,word_problem_arithmetic,0.80,1,easy,no
Test-2024B-Q11,algebra,rational_expression,0.95,1,easy,no
Test-2024B-Q12,geometry,triangle_geometry,0.95,1,easy,no
Test-2024B-Q13,trigonometry,trig_identity,0.80,2,easy,no
Test-2024B-Q14,geometry,coordinate_geometry,0.95,2,easy,no
Test-2024B-Q15,calculus,definite_integral,0.95,2,easy,no
Test-2024B-Q16,algebra,complex_numbers,0.95,2,easy,no
Test-2024B-Q17,probability,expected_value,0.90,2,easy,no
Test-2024B-Q18,probability,geometric_probability,0.95,2,easy,no
Test-2024B-Q19,calculus,indefinite_integral,0.90,2,easy,no
Test-2024B-Q2,probability,discrete_distribution,0.85,1,easy,no
Test-2024B-Q20,algebra,word_problem_arithmetic,0.85,2,easy,no
Test-2024B-Q21,algebra,quadratic_inequality,0.85,2,easy,no
Test-2024B-Q22,probability,compound_event,0.85,2,easy,no
Test-2024B-Q23,functions,function_graph,0.65,2,easy,yes
Test-2024B-Q24,algebra,logarithm,0.95,2,easy,no
Test-2024B-Q25,geometry,solid_geometry,0.90,3,medium,no
Test-2024B-Q26,algebra,polynomial_remainder,0.95,3,medium,no
Test-2024B-Q27,geometry,coordinate_geometry,0.80,3,medium,no
Test-2024B-Q28,combinatorics,counting_principle,0.85,3,medium,no
Test-2024B-Q29,algebra,progression,0.65,3,medium,yes
Test-2024B-Q3,algebra,linear_equation,0.95,1,easy,no
Test-2024B-Q30,algebra,polynomial_factoring,0.50,3,medium,yes
Test-2024B-Q31,calculus,indefinite_integral,0.95,3,medium,no
Test-2024B-Q32,algebra,geometric_transformation,0.95,3,medium,no
Test-2024B-Q33,geometry,circle_theorem,0.80,3,medium,no
Test-2024B-Q34,calculus,derivative_application,0.90,3,medium,no
Test-2024B-Q35,algebra,matrix_inverse,0.85,3,medium,no
Test-2024B-Q36,geometry,vector_geometry,0.90,3,medium,no
Test-2024B-Q4,algebra,exponent_rules,0.70,1,easy,no
Test-2024B-Q5,geometry,circle_geometry,0.90,1,easy,no
Test-2024B-Q6,combinatorics,combination_selection,0.60,1,easy,yes
Test-2024B-Q7,geometry,vector_geometry,0.90,1,easy,no
Test-2024B-Q8,calculus,derivative_rules,0.95,1,easy,no
Test-2024B-Q9,algebra,number_representation,0.90,1,easy,no
Test-2024C-Q1,algebra,number_representation,0.50,1,easy,yes
Test-2024C-Q10,algebra,word_problem_arithmetic,0.80,1,easy,no
Test-2024C-Q11,algebra,rational_expression,0.95,1,easy,no
Test-2024C-Q12,geometry,triangle_geometry,0.95,1,easy,no
Test-2024C-Q13,trigonometry,trig_identity,0.80,2,easy,no
Test-2024C-Q14,geometry,coordinate_geometry,0.95,2,easy,no
Test-2024C-Q15,calculus,definite_integral,0.95,2,easy,no
Test-2024C-Q16,complex_numbers,complex_numbers,0.95,2,easy,no
Test-2024C-Q17,probability,expected_value,0.90,2,easy,no
Test-2024C-Q18,probability,geometric_probability,0.95,2,easy,no
Test-2024C-Q19,calculus,indefinite_integral,0.90,2,easy,no
Test-2024C-Q2,probability,discrete_distribution,0.85,1,easy,no
Test-2024C-Q20,algebra,word_problem_arithmetic,0.85,2,easy,no
Test-2024C-Q21,algebra,quadratic_inequality,0.85,2,easy,no
Test-2024C-Q22,probability,compound_event,0.85,2,easy,no
Test-2024C-Q23,algebra,function_graph,0.65,2,easy,yes
Test-2024C-Q24,algebra,logarithm,0.95,2,easy,no
Test-2024C-Q25,geometry,solid_geometry,0.90,3,medium,no
Test-2024C-Q26,algebra,polynomial_remainder,0.95,3,medium,no
Test-2024C-Q27,geometry,coordinate_geometry,0.80,3,medium,no
Test-2024C-Q28,combinatorics,counting_principle,0.85,3,medium,no
Test-2024C-Q29,algebra,progression,0.65,3,medium,yes
Test-2024C-Q3,algebra,linear_equation,0.95,1,easy,no
Test-2024C-Q30,algebra,polynomial_factoring,0.50,3,medium,yes
Test-2024C-Q31,calculus,indefinite_integral,0.95,3,medium,no
Test-2024C-Q32,linear_algebra,geometric_transformation,0.95,3,medium,no
Test-2024C-Q33,geometry,circle_theorem,0.80,3,medium,no
Test-2024C-Q34,calculus,derivative_application,0.90,3,medium,no
Test-2024C-Q35,linear_algebra,matrix_inverse,0.85,3,medium,no
Test-2024C-Q36,geometry,vector_geometry,0.90,3,medium,no
Test-2024C-Q4,algebra,exponent_rules,0.70,1,easy,no
Test-2024C-Q5,geometry,circle_geometry,0.90,1,easy,no
Test-2024C-Q6,combinatorics,combination_selection,0.60,1,easy,yes
Test-2024C-Q7,geometry,vector_geometry,0.90,1,easy,no
Test-2024C-Q8,calculus,derivative_rules,0.95,1,easy,no
Test-2024C-Q9,algebra,number_representation,0.90,1,easy,no
Test-2024D-Q1,algebra,number_representation,0.50,1,easy,yes
Test-2024D-Q10,algebra,word_problem_arithmetic,0.80,1,easy,no
Test-2024D-Q11,algebra,rational_expression,0.95,1,easy,no
Test-2024D-Q12,geometry,triangle_geometry,0.95,1,easy,no
Test-2024D-Q13,trigonometry,trig_identity,0.80,2,easy,no
Test-2024D-Q14,geometry,coordinate_geometry,0.95,2,easy,no
Test-2024D-Q15,calculus,definite_integral,0.95,2,easy,no
Test-2024D-Q16,complex_numbers,complex_numbers,0.95,2,easy,no
Test-2024D-Q17,probability,expected_value,0.90,2,easy,no
Test-2024D-Q18,probability,geometric_probability,0.95,2,easy,no
Test-2024D-Q19,calculus,indefinite_integral,0.90,2,easy,no
Test-2024D-Q2,probability,discrete_distribution,0.85,1,easy,no
Test-2024D-Q20,algebra,word_problem_arithmetic,0.85,2,easy,no
Test-2024D-Q21,algebra,quadratic_inequality,0.85,2,easy,no
Test-2024D-Q22,probability,compound_event,0.85,2,easy,no
Test-2024D-Q23,algebra,function_graph,0.65,2,easy,yes
Test-2024D-Q24,algebra,logarithm,0.95,2,easy,no
Test-2024D-Q25,geometry,solid_geometry,0.90,3,medium,no
Test-2024D-Q26,algebra,polynomial_remainder,0.95,3,medium,no
Test-2024D-Q27,geometry,coordinate_geometry,0.80,3,medium,no
Test-2024D-Q28,combinatorics,counting_principle,0.85,3,medium,no
Test-2024D-Q29,algebra,progression,0.65,3,medium,yes
Test-2024D-Q3,algebra,linear_equation,0.95,1,easy,no
Test-2024D-Q30,algebra,polynomial_factoring,0.50,3,medium,yes
Test-2024D-Q31,calculus,indefinite_integral,0.95,3,medium,no
Test-2024D-Q32,linear_algebra,geometric_transformation,0.95,3,medium,no
Test-2024D-Q33,geometry,circle_theorem,0.80,3,medium,no
Test-2024D-Q34,calculus,derivative_application,0.90,3,medium,no
Test-2024D-Q35,linear_algebra,matrix_inverse,0.85,3,medium,no
Test-2024D-Q36,geometry,vector_geometry,0.90,3,medium,no
Test-2024D-Q4,algebra,exponent_rules,0.70,1,easy,no
Test-2024D-Q5,geometry,circle_geometry,0.90,1,easy,no
Test-2024D-Q6,combinatorics,combination_selection,0.60,1,easy,yes
Test-2024D-Q7,geometry,vector_geometry,0.90,1,easy,no
Test-2024D-Q8,calculus,derivative_rules,0.95,1,easy,no
Test-2024D-Q9,algebra,number_representation,0.90,1,easy,no
Test-2025A-Q1,algebra,radical_expression,0.90,1,easy,no
Test-2025A-Q10,algebra,rational_expression,0.95,1,easy,no
Test-2025A-Q11,calculus,differential_equation,0.98,1,easy,no
Test-2025A-Q12,algebra,complex_numbers,0.95,1,easy,no
Test-2025A-Q13,algebra,function_graph,0.85,2,easy,no
Test-2025A-Q14,calculus,derivative_application,0.90,2,easy,no
Test-2025A-Q15,set_theory,set_theory,0.80,2,easy,no
Test-2025A-Q16,calculus,definite_integral,0.90,2,easy,no
Test-2025A-Q17,geometry,circle_theorem,0.80,2,easy,no
Test-2025A-Q18,trigonometry,trig_equation,0.95,2,easy,no
Test-2025A-Q19,calculus,derivative_application,0.95,2,easy,no
Test-2025A-Q2,trigonometry,trig_value,0.95,1,easy,no
Test-2025A-Q20,geometry,coordinate_geometry,0.80,2,easy,no
Test-2025A-Q21,algebra,progression,0.65,2,easy,yes
Test-2025A-Q22,algebra,word_problem_arithmetic,0.80,2,easy,no
Test-2025A-Q23,linear_algebra,vector_geometry,0.90,2,easy,no
Test-2025A-Q24,statistics,central_tendency,0.80,2,easy,no
Test-2025A-Q25,probability,discrete_distribution,0.70,3,medium,no
Test-2025A-Q26,probability,geometric_probability,0.90,3,medium,no
Test-2025A-Q27,algebra,word_problem_arithmetic,0.80,3,medium,no
Test-2025A-Q28,algebra,polynomial_remainder,0.75,3,medium,no
Test-2025A-Q29,combinatorics,permutation_arrangement,0.90,3,medium,no
Test-2025A-Q3,set_theory,set_theory,0.90,1,easy,no
Test-2025A-Q30,algebra,polynomial_factoring,0.50,3,medium,yes
Test-2025A-Q31,geometry,circle_geometry,0.80,3,medium,no
Test-2025A-Q32,linear_algebra,geometric_transformation,0.90,3,medium,no
Test-2025A-Q33,geometry,vector_geometry,0.70,3,medium,no
Test-2025A-Q34,calculus,differential_equation,0.90,3,medium,no
Test-2025A-Q35,linear_algebra,matrix_inverse,0.85,3,medium,no
Test-2025A-Q36,calculus,derivative_application,0.85,3,medium,no
Test-2025A-Q4,calculus,indefinite_integral,0.95,1,easy,no
Test-2025A-Q5,algebra,quadratic_inequality,0.80,1,easy,no
Test-2025A-Q6,statistics,data_display,0.70,1,easy,no
Test-2025A-Q7,probability,discrete_distribution,0.95,1,easy,no
Test-2025A-Q8,geometry,coordinate_geometry,0.55,1,easy,yes
Test-2025A-Q9,algebra,number_representation,0.95,1,easy,no
Test-2025B-Q1,algebra,radical_expression,0.90,1,easy,no
Test-2025B-Q10,algebra,rational_expression,0.95,1,easy,no
Test-2025B-Q11,calculus,differential_equation,0.98,1,easy,no
Test-2025B-Q12,algebra,complex_numbers,0.95,1,easy,no
Test-2025B-Q13,algebra,function_graph,0.85,2,easy,no
Test-2025B-Q14,calculus,derivative_application,0.90,2,easy,no
Test-2025B-Q15,set_theory,set_theory,0.80,2,easy,no
Test-2025B-Q16,calculus,definite_integral,0.90,2,easy,no
Test-2025B-Q17,geometry,circle_theorem,0.80,2,easy,no
Test-2025B-Q18,trigonometry,trig_equation,0.95,2,easy,no
Test-2025B-Q19,calculus,derivative_application,0.95,2,easy,no
Test-2025B-Q2,trigonometry,trig_value,0.95,1,easy,no
Test-2025B-Q20,geometry,coordinate_geometry,0.80,2,easy,no
Test-2025B-Q21,algebra,progression,0.65,2,easy,yes
Test-2025B-Q22,algebra,word_problem_arithmetic,0.80,2,easy,no
Test-2025B-Q23,linear_algebra,vector_geometry,0.90,2,easy,no
Test-2025B-Q24,statistics,central_tendency,0.80,2,easy,no
Test-2025B-Q25,probability,discrete_distribution,0.70,3,medium,no
Test-2025B-Q26,probability,geometric_probability,0.90,3,medium,no
Test-2025B-Q27,algebra,word_problem_arithmetic,0.80,3,medium,no
Test-2025B-Q28,algebra,polynomial_remainder,0.75,3,medium,no
Test-2025B-Q29,combinatorics,permutation_arrangement,0.90,3,medium,no
Test-2025B-Q3,set_theory,set_theory,0.90,1,easy,no
Test-2025B-Q30,algebra,polynomial_factoring,0.50,3,medium,yes
Test-2025B-Q31,geometry,circle_geometry,0.80,3,medium,no
Test-2025B-Q32,linear_algebra,geometric_transformation,0.90,3,medium,no
Test-2025B-Q33,geometry,vector_geometry,0.70,3,medium,no
Test-2025B-Q34,calculus,differential_equation,0.90,3,medium,no
Test-2025B-Q35,linear_algebra,matrix_inverse,0.85,3,medium,no
Test-2025B-Q36,calculus,derivative_application,0.85,3,medium,no
Test-2025B-Q4,calculus,indefinite_integral,0.95,1,easy,no
Test-2025B-Q5,algebra,quadratic_inequality,0.80,1,easy,no
Test-2025B-Q6,statistics,data_display,0.70,1,easy,no
Test-2025B-Q7,probability,discrete_distribution,0.95,1,easy,no
Test-2025B-Q8,geometry,coordinate_geometry,0.55,1,easy,yes
Test-2025B-Q9,algebra,number_representation,0.95,1,easy,no
Test-2025C-Q1,algebra,radical_expression,0.90,1,easy,no
Test-2025C-Q10,algebra,rational_expression,0.95,1,easy,no
Test-2025C-Q11,calculus,differential_equation,0.98,1,easy,no
Test-2025C-Q12,algebra,complex_numbers,0.95,1,easy,no
Test-2025C-Q13,algebra,function_graph,0.85,2,easy,no
Test-2025C-Q14,calculus,derivative_application,0.90,2,easy,no
Test-2025C-Q15,set_theory,set_theory,0.80,2,easy,no
Test-2025C-Q16,calculus,definite_integral,0.90,2,easy,no
Test-2025C-Q17,geometry,circle_theorem,0.80,2,easy,no
Test-2025C-Q18,trigonometry,trig_equation,0.95,2,easy,no
Test-2025C-Q19,calculus,derivative_application,0.95,2,easy,no
Test-2025C-Q2,trigonometry,trig_value,0.95,1,easy,no
Test-2025C-Q20,geometry,coordinate_geometry,0.80,2,easy,no
Test-2025C-Q21,algebra,progression,0.65,2,easy,yes
Test-2025C-Q22,algebra,word_problem_arithmetic,0.80,2,easy,no
Test-2025C-Q23,linear_algebra,vector_geometry,0.90,2,easy,no
Test-2025C-Q24,statistics,central_tendency,0.80,2,easy,no
Test-2025C-Q25,probability,discrete_distribution,0.70,3,medium,no
Test-2025C-Q26,probability,geometric_probability,0.90,3,medium,no
Test-2025C-Q27,algebra,word_problem_arithmetic,0.80,3,medium,no
Test-2025C-Q28,algebra,polynomial_remainder,0.75,3,medium,no
Test-2025C-Q29,combinatorics,permutation_arrangement,0.90,3,medium,no
Test-2025C-Q3,set_theory,set_theory,0.90,1,easy,no
Test-2025C-Q30,algebra,polynomial_factoring,0.50,3,medium,yes
Test-2025C-Q31,geometry,circle_geometry,0.80,3,medium,no
Test-2025C-Q32,linear_algebra,geometric_transformation,0.90,3,medium,no
Test-2025C-Q33,geometry,vector_geometry,0.70,3,medium,no
Test-2025C-Q34,calculus,differential_equation,0.90,3,medium,no
Test-2025C-Q35,linear_algebra,matrix_inverse,0.85,3,medium,no
Test-2025C-Q36,calculus,derivative_application,0.85,3,medium,no
Test-2025C-Q4,calculus,indefinite_integral,0.95,1,easy,no
Test-2025C-Q5,algebra,quadratic_inequality,0.80,1,easy,no
Test-2025C-Q6,statistics,data_display,0.70,1,easy,no
Test-2025C-Q7,probability,discrete_distribution,0.95,1,easy,no
Test-2025C-Q8,geometry,coordinate_geometry,0.55,1,easy,yes
Test-2025C-Q9,algebra,number_representation,0.95,1,easy,no
Test-2025D-Q1,algebra,radical_expression,0.90,1,easy,no
Test-2025D-Q10,algebra,rational_expression,0.95,1,easy,no
Test-2025D-Q11,calculus,differential_equation,0.98,1,easy,no
Test-2025D-Q12,algebra,complex_numbers,0.95,1,easy,no
Test-2025D-Q13,functions,function_graph,0.85,2,easy,no
Test-2025D-Q14,functions,derivative_application,0.90,2,easy,no
Test-2025D-Q15,set_theory,set_theory,0.80,2,easy,no
Test-2025D-Q16,calculus,definite_integral,0.90,2,easy,no
Test-2025D-Q17,geometry,circle_theorem,0.80,2,easy,no
Test-2025D-Q18,trigonometry,trig_equation,0.95,2,easy,no
Test-2025D-Q19,calculus,derivative_application,0.95,2,easy,no
Test-2025D-Q2,trigonometry,trig_value,0.95,1,easy,no
Test-2025D-Q20,geometry,coordinate_geometry,0.80,2,easy,no
Test-2025D-Q21,algebra,progression,0.65,2,easy,yes
Test-2025D-Q22,algebra,word_problem_arithmetic,0.80,2,easy,no
Test-2025D-Q23,geometry,vector_geometry,0.90,2,easy,no
Test-2025D-Q24,statistics,central_tendency,0.80,2,easy,no
Test-2025D-Q25,probability,discrete_distribution,0.70,3,medium,no
Test-2025D-Q26,probability,geometric_probability,0.90,3,medium,no
Test-2025D-Q27,algebra,word_problem_arithmetic,0.80,3,medium,no
Test-2025D-Q28,algebra,polynomial_remainder,0.75,3,medium,no
Test-2025D-Q29,combinatorics,permutation_arrangement,0.90,3,medium,no
Test-2025D-Q3,set_theory,set_theory,0.90,1,easy,no
Test-2025D-Q30,algebra,polynomial_factoring,0.50,3,medium,yes
Test-2025D-Q31,geometry,circle_geometry,0.80,3,medium,no
Test-2025D-Q32,geometry,geometric_transformation,0.90,3,medium,no
Test-2025D-Q33,geometry,vector_geometry,0.70,3,medium,no
Test-2025D-Q34,calculus,differential_equation,0.90,3,medium,no
Test-2025D-Q35,algebra,matrix_inverse,0.85,3,medium,no
Test-2025D-Q36,calculus,derivative_application,0.85,3,medium,no
Test-2025D-Q4,calculus,indefinite_integral,0.95,1,easy,no
Test-2025D-Q5,algebra,quadratic_inequality,0.80,1,easy,no
Test-2025D-Q6,statistics,data_display,0.70,1,easy,no
Test-2025D-Q7,probability,discrete_distribution,0.95,1,easy,no
Test-2025D-Q8,geometry,coordinate_geometry,0.55,1,easy,yes
Test-2025D-Q9,algebra,number_representation,0.95,1,easy,no
Test-2A-Q1,algebra,exponent_rules,0.90,1,easy,no
Test-2A-Q10,,function_inverse_composite,0.50,1,easy,yes
Test-2A-Q11,,function_domain_range,0.90,1,easy,no
Test-2A-Q12,,complex_numbers,0.95,1,easy,no
Test-2A-Q13,,polygon_geometry,0.85,1,easy,no
Test-2A-Q14,,number_representation,0.55,1,easy,yes
Test-2A-Q15,,word_problem_arithmetic,0.85,1,easy,no
Test-2A-Q16,,polynomial_remainder,0.55,1,easy,yes
Test-2A-Q17,,trig_value,0.80,1,easy,no
Test-2A-Q18,,trig_identity,0.95,1,easy,no
Test-2A-Q19,,trig_identity,0.85,1,easy,no
Test-2A-Q2,algebra,exponent_rules,0.95,1,easy,no
Test-2A-Q20,,polygon_geometry,0.85,1,easy,no
Test-2A-Q21,,logarithm,0.90,1,easy,no
Test-2A-Q22,,logarithm,0.90,1,easy,no
Test-2A-Q23,,solid_geometry,0.85,1,easy,no
Test-2A-Q24,,exponent_rules,0.65,1,easy,yes
Test-2A-Q25,,coordinate_geometry,0.80,1,easy,no
Test-2A-Q26,,compound_event,0.70,1,easy,no
Test-2A-Q27,,matrix_operation,0.95,1,easy,no
Test-2A-Q28,,function_inverse_composite,0.95,1,easy,no
Test-2A-Q29,,rational_expression,0.90,1,easy,no
Test-2A-Q3,algebra,quadratic_equation,0.90,1,easy,no
Test-2A-Q30,,polynomial_remainder,0.95,1,easy,no
Test-2A-Q31,,derivative_application,0.90,1,easy,no
Test-2A-Q32,,vector_geometry,0.90,1,easy,no
Test-2A-Q33,,set_theory,0.90,1,easy,no
Test-2A-Q34,,set_theory,0.90,1,easy,no
Test-2A-Q35,,discrete_distribution,0.70,1,easy,no
Test-2A-Q36,,geometric_probability,0.95,1,easy,no
Test-2A-Q4,sequences,progression,0.95,1,easy,no
Test-2A-Q5,,function_domain_range,0.80,1,easy,no
Test-2A-Q6,,quadratic_equation,0.65,1,easy,yes
Test-2A-Q7,,coordinate_geometry,0.90,1,easy,no
Test-2A-Q8,,system_of_equations,0.90,1,easy,no
Test-2A-Q9,,function_domain_range,0.70,1,easy,no
Test-2B-Q1,algebra,exponent_rules,0.90,1,easy,no
Test-2B-Q10,algebra,function_inverse_composite,0.50,1,easy,yes
Test-2B-Q11,functions,function_domain_range,0.90,1,easy,no
Test-2B-Q12,algebra,complex_numbers,0.95,1,easy,no
Test-2B-Q13,geometry,polygon_geometry,0.85,1,easy,no
Test-2B-Q14,algebra,number_representation,0.55,1,easy,yes
Test-2B-Q15,algebra,word_problem_arithmetic,0.85,1,easy,no
Test-2B-Q16,algebra,polynomial_remainder,0.55,1,easy,yes
Test-2B-Q17,trigonometry,trig_value,0.80,1,easy,no
Test-2B-Q18,trigonometry,trig_identity,0.95,1,easy,no
Test-2B-Q19,trigonometry,trig_identity,0.85,1,easy,no
Test-2B-Q2,algebra,exponent_rules,0.95,1,easy,no
Test-2B-Q20,geometry,triangle_geometry,0.85,1,easy,no
Test-2B-Q21,logarithms,logarithm,0.90,1,easy,no
Test-2B-Q22,logarithms,logarithm,0.90,1,easy,no
Test-2B-Q23,geometry,solid_geometry,0.85,1,easy,no
Test-2B-Q24,algebra,exponent_rules,0.65,1,easy,yes
Test-2B-Q25,geometry,coordinate_geometry,0.80,1,easy,no
Test-2B-Q26,probability,compound_event,0.70,1,easy,no
Test-2B-Q27,algebra,matrix_operation,0.95,1,easy,no
Test-2B-Q28,functions,function_inverse_composite,0.95,1,easy,no
Test-2B-Q29,algebra,rational_expression,0.90,1,easy,no
Test-2B-Q3,algebra,quadratic_equation,0.90,1,easy,no
Test-2B-Q30,algebra,polynomial_remainder,0.95,1,easy,no
Test-2B-Q31,calculus,derivative_application,0.90,1,easy,no
Test-2B-Q32,geometry,vector_geometry,0.90,1,easy,no
Test-2B-Q33,other,set_theory,0.90,1,easy,no
Test-2B-Q34,other,set_theory,0.90,1,easy,no
Test-2B-Q35,probability,discrete_distribution,0.70,1,easy,no
Test-2B-Q36,probability,geometric_probability,0.95,1,easy,no
Test-2B-Q4,sequences,progression,0.95,1,easy,no
Test-2B-Q5,functions,function_domain_range,0.80,1,easy,no
Test-2B-Q6,algebra,quadratic_equation,0.65,1,easy,yes
Test-2B-Q7,algebra,coordinate_geometry,0.90,1,easy,no
Test-2B-Q8,algebra,system_of_equations,0.90,1,easy,no
Test-2B-Q9,functions,function_domain_range,0.70,1,easy,no
Test-3A-Q1,algebra,number_representation,0.60,1,easy,yes
Test-3A-Q10,algebra,polynomial_remainder,0.95,1,easy,no
Test-3A-Q11,algebra,radical_expression,0.90,1,easy,no
Test-3A-Q12,algebra,radical_expression,0.75,1,easy,no
Test-3A-Q13,functions,quadratic_equation,0.75,1,easy,no
Test-3A-Q14,algebra,quadratic_inequality,0.70,1,easy,no
Test-3A-Q15,functions,exponent_rules,0.85,1,easy,no
Test-3A-Q16,algebra,rational_expression,0.70,1,easy,no
Test-3A-Q17,algebra,quadratic_equation,0.90,1,easy,no
Test-3A-Q18,algebra,polynomial_factoring,0.60,1,easy,yes
Test-3A-Q19,combinatorics,counting_principle,0.90,1,easy,no
Test-3A-Q2,algebra,linear_equation,0.95,1,easy,no
Test-3A-Q20,logarithms,logarithm,0.95,1,easy,no
Test-3A-Q21,combinatorics,permutation_arrangement,0.95,1,easy,no
Test-3A-Q22,sequences,progression,0.70,1,easy,no
Test-3A-Q23,algebra,system_of_equations,0.75,1,easy,no
Test-3A-Q24,algebra,radical_expression,0.90,1,easy,no
Test-3A-Q25,functions,function_domain_range,0.55,1,easy,yes
Test-3A-Q26,algebra,quadratic_equation,0.75,1,easy,no
Test-3A-Q27,algebra,polynomial_remainder,0.95,1,easy,no
Test-3A-Q28,other,set_theory,0.90,1,easy,no
Test-3A-Q29,combinatorics,combination_selection,0.85,1,easy,no
Test-3A-Q3,algebra,linear_equation,0.85,1,easy,no
Test-3A-Q30,probability,discrete_distribution,0.95,1,easy,no
Test-3A-Q31,statistics,expected_value,0.90,1,easy,no
Test-3A-Q32,algebra,vector_geometry,0.85,1,easy,no
Test-3A-Q33,geometry,vector_geometry,0.90,1,easy,no
Test-3A-Q34,calculus,derivative_rules,0.95,1,easy,no
Test-3A-Q35,calculus,derivative_application,0.90,1,easy,no
Test-3A-Q36,geometry,triangle_geometry,0.90,1,easy,no
Test-3A-Q4,geometry,linear_equation,0.55,1,easy,yes
Test-3A-Q5,algebra,rational_expression,0.80,1,easy,no
Test-3A-Q6,algebra,linear_inequality,0.95,1,easy,no
Test-3A-Q7,algebra,coordinate_geometry,0.90,1,easy,no
Test-3A-Q8,algebra,system_of_equations,0.85,1,easy,no
Test-3A-Q9,functions,function_domain_range,0.90,1,easy,no
Test-3B-Q1,algebra,number_representation,0.60,1,easy,yes
Test-3B-Q10,algebra,polynomial_remainder,0.95,1,easy,no
Test-3B-Q11,algebra,radical_expression,0.90,1,easy,no
Test-3B-Q12,algebra,radical_expression,0.75,1,easy,no
Test-3B-Q13,functions,quadratic_equation,0.75,1,easy,no
Test-3B-Q14,algebra,quadratic_inequality,0.70,1,easy,no
Test-3B-Q15,functions,exponent_rules,0.85,1,easy,no
Test-3B-Q16,algebra,rational_expression,0.70,1,easy,no
Test-3B-Q17,algebra,quadratic_equation,0.90,1,easy,no
Test-3B-Q18,algebra,polynomial_factoring,0.60,1,easy,yes
Test-3B-Q19,combinatorics,counting_principle,0.90,1,easy,no
Test-3B-Q2,algebra,linear_equation,0.95,1,easy,no
Test-3B-Q20,logarithms,logarithm,0.95,1,easy,no
Test-3B-Q21,combinatorics,permutation_arrangement,0.95,1,easy,no
Test-3B-Q22,sequences,progression,0.70,1,easy,no
Test-3B-Q23,algebra,system_of_equations,0.75,1,easy,no
Test-3B-Q24,algebra,radical_expression,0.90,1,easy,no
Test-3B-Q25,functions,function_domain_range,0.55,1,easy,yes
Test-3B-Q26,algebra,quadratic_equation,0.75,1,easy,no
Test-3B-Q27,algebra,polynomial_remainder,0.95,1,easy,no
Test-3B-Q28,other,set_theory,0.90,1,easy,no
Test-3B-Q29,combinatorics,combination_selection,0.85,1,easy,no
Test-3B-Q3,algebra,linear_equation,0.85,1,easy,no
Test-3B-Q30,probability,discrete_distribution,0.95,1,easy,no
Test-3B-Q31,statistics,expected_value,0.90,1,easy,no
Test-3B-Q32,algebra,vector_geometry,0.85,1,easy,no
Test-3B-Q33,geometry,vector_geometry,0.90,1,easy,no
Test-3B-Q34,calculus,derivative_rules,0.95,1,easy,no
Test-3B-Q35,calculus,derivative_application,0.90,1,easy,no
Test-3B-Q36,geometry,triangle_geometry,0.90,1,easy,no
Test-3B-Q4,geometry,linear_equation,0.55,1,easy,yes
Test-3B-Q5,algebra,rational_expression,0.80,1,easy,no
Test-3B-Q6,algebra,linear_inequality,0.95,1,easy,no
Test-3B-Q7,algebra,coordinate_geometry,0.90,1,easy,no
Test-3B-Q8,algebra,system_of_equations,0.85,1,easy,no
Test-3B-Q9,functions,function_domain_range,0.90,1,easy,no
Test-4A-Q1,algebra,number_representation,0.80,1,easy,no
Test-4A-Q10,algebra,exponent_rules,0.95,1,easy,no
Test-4A-Q11,number theory,number_representation,0.55,1,easy,yes
Test-4A-Q12,number theory,number_representation,0.55,1,easy,yes
Test-4A-Q13,algebra,fraction_arithmetic,0.70,2,easy,no
Test-4A-Q14,geometry,polygon_geometry,0.85,2,easy,no
Test-4A-Q15,algebra,fraction_arithmetic,0.85,2,easy,no
Test-4A-Q16,algebra,word_problem_arithmetic,0.90,2,easy,no
Test-4A-Q17,geometry,triangle_geometry,0.85,2,easy,no
Test-4A-Q18,algebra,polynomial_factoring,0.70,2,easy,no
Test-4A-Q19,algebra,radical_expression,0.80,2,easy,no
Test-4A-Q2,algebra,quadratic_equation,0.85,1,easy,no
Test-4A-Q20,algebra,system_of_equations,0.90,2,easy,no
Test-4A-Q21,algebra,quadratic_inequality,0.75,2,easy,no
Test-4A-Q22,algebra,radical_expression,0.90,2,easy,no
Test-4A-Q23,algebra,radical_expression,0.85,2,easy,no
Test-4A-Q24,algebra,function_graph,0.85,2,easy,no
Test-4A-Q25,probability,compound_event,0.70,3,medium,no
Test-4A-Q26,algebra,exponent_rules,0.80,3,medium,no
Test-4A-Q27,linear algebra,matrix_inverse,0.80,3,medium,no
Test-4A-Q28,probability,discrete_distribution,0.70,3,medium,no
Test-4A-Q29,trigonometry,trig_identity,0.85,3,medium,no
Test-4A-Q3,geometry,triangle_geometry,0.95,1,easy,no
Test-4A-Q30,algebra,complex_numbers,0.95,3,medium,no
Test-4A-Q31,set theory,set_theory,0.90,3,medium,no
Test-4A-Q32,algebra,rational_expression,0.90,3,medium,no
Test-4A-Q33,calculus,indefinite_integral,0.90,3,medium,no
Test-4A-Q34,linear algebra,vector_geometry,0.90,3,medium,no
Test-4A-Q35,geometry,coordinate_geometry,0.65,3,medium,yes
Test-4A-Q36,calculus,differential_equation,0.95,3,medium,no
Test-4A-Q4,algebra,function_domain_range,0.65,1,easy,yes
Test-4A-Q5,number theory,number_representation,0.55,1,easy,yes
Test-4A-Q6,algebra,rational_expression,0.70,1,easy,no
Test-4A-Q7,number theory,polynomial_remainder,0.65,1,easy,yes
Test-4A-Q8,algebra,linear_inequality,0.80,1,easy,no
Test-4A-Q9,algebra,number_representation,0.95,1,easy,no
Test-4B-Q1,algebra,number_representation,0.80,1,easy,no
Test-4B-Q10,algebra,exponent_rules,0.95,1,easy,no
Test-4B-Q11,number theory,number_representation,0.55,1,easy,yes
Test-4B-Q12,number theory,number_representation,0.55,1,easy,yes
Test-4B-Q13,algebra,fraction_arithmetic,0.70,2,easy,no
Test-4B-Q14,geometry,polygon_geometry,0.85,2,easy,no
Test-4B-Q15,algebra,fraction_arithmetic,0.85,2,easy,no
Test-4B-Q16,algebra,word_problem_arithmetic,0.90,2,easy,no
Test-4B-Q17,geometry,triangle_geometry,0.85,2,easy,no
Test-4B-Q18,algebra,polynomial_factoring,0.70,2,easy,no
Test-4B-Q19,algebra,radical_expression,0.80,2,easy,no
Test-4B-Q2,algebra,quadratic_equation,0.85,1,easy,no
Test-4B-Q20,algebra,system_of_equations,0.90,2,easy,no
Test-4B-Q21,algebra,quadratic_inequality,0.75,2,easy,no
Test-4B-Q22,algebra,radical_expression,0.90,2,easy,no
Test-4B-Q23,algebra,radical_expression,0.85,2,easy,no
Test-4B-Q24,algebra,function_graph,0.85,2,easy,no
Test-4B-Q25,probability,compound_event,0.70,3,medium,no
Test-4B-Q26,algebra,exponent_rules,0.80,3,medium,no
Test-4B-Q27,linear algebra,matrix_inverse,0.80,3,medium,no
Test-4B-Q28,probability,discrete_distribution,0.70,3,medium,no
Test-4B-Q29,trigonometry,trig_identity,0.85,3,medium,no
Test-4B-Q3,geometry,triangle_geometry,0.95,1,easy,no
Test-4B-Q30,algebra,complex_numbers,0.95,3,medium,no
Test-4B-Q31,set theory,set_theory,0.90,3,medium,no
Test-4B-Q32,algebra,rational_expression,0.90,3,medium,no
Test-4B-Q33,calculus,indefinite_integral,0.90,3,medium,no
Test-4B-Q34,linear algebra,vector_geometry,0.90,3,medium,no
Test-4B-Q35,geometry,coordinate_geometry,0.65,3,medium,yes
Test-4B-Q36,calculus,differential_equation,0.95,3,medium,no
Test-4B-Q4,algebra,function_domain_range,0.65,1,easy,yes
Test-4B-Q5,number theory,number_representation,0.55,1,easy,yes
Test-4B-Q6,algebra,rational_expression,0.70,1,easy,no
Test-4B-Q7,number theory,polynomial_remainder,0.65,1,easy,yes
Test-4B-Q8,algebra,quadratic_inequality,0.80,1,easy,no
Test-4B-Q9,algebra,number_representation,0.95,1,easy,no
Test-5A-Q1,algebra,fraction_arithmetic,0.95,1,easy,no
Test-5A-Q10,trigonometry,trig_identity,0.95,1,easy,no
Test-5A-Q11,algebra,coordinate_geometry,0.70,1,easy,no
Test-5A-Q12,algebra,logarithm,0.85,1,easy,no
Test-5A-Q13,algebra,quadratic_equation,0.70,2,easy,no
Test-5A-Q14,algebra,rational_expression,0.65,2,easy,yes
Test-5A-Q15,combinatorics,permutation_arrangement,0.80,2,easy,no
Test-5A-Q16,algebra,progression,0.75,2,easy,no
Test-5A-Q17,algebra,logarithm,0.90,2,easy,no
Test-5A-Q18,combinatorics,counting_principle,0.55,2,easy,yes
Test-5A-Q19,algebra,quadratic_equation,0.80,2,easy,no
Test-5A-Q2,algebra,number_representation,0.85,1,easy,no
Test-5A-Q20,algebra,exponent_rules,0.85,2,easy,no
Test-5A-Q21,algebra,system_of_equations,0.90,2,easy,no
Test-5A-Q22,algebra,polynomial_remainder,0.85,2,easy,no
Test-5A-Q23,probability,compound_event,0.60,2,easy,yes
Test-5A-Q24,algebra,quadratic_inequality,0.70,2,easy,no
Test-5A-Q25,algebra,system_of_equations,0.60,3,medium,yes
Test-5A-Q26,algebra,system_of_equations,0.90,3,medium,no
Test-5A-Q27,algebra,function_graph,0.80,3,medium,no
Test-5A-Q28,algebra,function_graph,0.60,3,medium,yes
Test-5A-Q29,geometry,coordinate_geometry,0.90,3,medium,no
Test-5A-Q3,algebra,polynomial_factoring,0.90,1,easy,no
Test-5A-Q30,algebra,function_inverse_composite,0.70,3,medium,no
Test-5A-Q31,algebra,polynomial_remainder,0.95,3,medium,no
Test-5A-Q32,algebra,complex_numbers,0.85,3,medium,no
Test-5A-Q33,calculus,derivative_rules,0.85,3,medium,no
Test-5A-Q34,probability,discrete_distribution,0.90,3,medium,no
Test-5A-Q35,geometry,coordinate_geometry,0.95,3,medium,no
Test-5A-Q36,calculus,definite_integral,0.95,3,medium,no
Test-5A-Q4,algebra,progression,0.95,1,easy,no
Test-5A-Q5,geometry,triangle_geometry,0.90,1,easy,no
Test-5A-Q6,algebra,exponent_rules,0.90,1,easy,no
Test-5A-Q7,algebra,exponent_rules,0.65,1,easy,yes
Test-5A-Q8,number theory,number_representation,0.50,1,easy,yes
Test-5A-Q9,algebra,logarithm,0.65,1,easy,yes
Test-5B-Q1,algebra,fraction_arithmetic,0.95,1,easy,no
Test-5B-Q10,trigonometry,trig_identity,0.95,1,easy,no
Test-5B-Q11,algebra,coordinate_geometry,0.70,1,easy,no
Test-5B-Q12,algebra,logarithm,0.85,1,easy,no
Test-5B-Q13,algebra,quadratic_equation,0.70,2,easy,no
Test-5B-Q14,algebra,rational_expression,0.65,2,easy,yes
Test-5B-Q15,combinatorics,permutation_arrangement,0.80,2,easy,no
Test-5B-Q16,algebra,progression,0.75,2,easy,no
Test-5B-Q17,algebra,logarithm,0.90,2,easy,no
Test-5B-Q18,combinatorics,counting_principle,0.55,2,easy,yes
Test-5B-Q19,algebra,quadratic_equation,0.80,2,easy,no
Test-5B-Q2,algebra,number_representation,0.85,1,easy,no
Test-5B-Q20,algebra,exponent_rules,0.85,2,easy,no
Test-5B-Q21,algebra,system_of_equations,0.90,2,easy,no
Test-5B-Q22,algebra,polynomial_remainder,0.85,2,easy,no
Test-5B-Q23,probability,compound_event,0.60,2,easy,yes
Test-5B-Q24,algebra,quadratic_inequality,0.70,2,easy,no
Test-5B-Q25,algebra,system_of_equations,0.60,3,medium,yes
Test-5B-Q26,algebra,system_of_equations,0.90,3,medium,no
Test-5B-Q27,algebra,function_graph,0.80,3,medium,no
Test-5B-Q28,algebra,function_graph,0.60,3,medium,yes
Test-5B-Q29,geometry,coordinate_geometry,0.90,3,medium,no
Test-5B-Q3,algebra,polynomial_factoring,0.90,1,easy,no
Test-5B-Q30,algebra,function_inverse_composite,0.70,3,medium,no
Test-5B-Q31,algebra,polynomial_remainder,0.95,3,medium,no
Test-5B-Q32,algebra,complex_numbers,0.85,3,medium,no
Test-5B-Q33,calculus,derivative_rules,0.85,3,medium,no
Test-5B-Q34,probability,discrete_distribution,0.90,3,medium,no
Test-5B-Q35,geometry,coordinate_geometry,0.95,3,medium,no
Test-5B-Q36,calculus,definite_integral,0.95,3,medium,no
Test-5B-Q4,algebra,progression,0.95,1,easy,no
Test-5B-Q5,geometry,triangle_geometry,0.90,1,easy,no
Test-5B-Q6,algebra,exponent_rules,0.90,1,easy,no
Test-5B-Q7,algebra,exponent_rules,0.65,1,easy,yes
Test-5B-Q8,number theory,number_representation,0.50,1,easy,yes
Test-5B-Q9,algebra,logarithm,0.65,1,easy,yes
Test-6A-Q1,trigonometry,trig_value,0.80,1,easy,no
Test-6A-Q10,algebra,quadratic_equation,0.90,1,easy,no
Test-6A-Q11,combinatorics,counting_principle,0.70,1,easy,no
Test-6A-Q12,algebra,exponent_rules,0.60,1,easy,yes
Test-6A-Q13,algebra,function_domain_range,0.60,2,easy,yes
Test-6A-Q14,geometry,triangle_geometry,0.85,2,easy,no
Test-6A-Q15,algebra,radical_expression,0.90,2,easy,no
Test-6A-Q16,combinatorics,counting_principle,0.90,2,easy,no
Test-6A-Q17,algebra,logarithm,0.90,2,easy,no
Test-6A-Q18,geometry,circle_geometry,0.85,2,easy,no
Test-6A-Q19,combinatorics,permutation_arrangement,0.90,2,easy,no
Test-6A-Q2,algebra,polynomial_factoring,0.80,1,easy,no
Test-6A-Q20,algebra,quadratic_equation,0.85,2,easy,no
Test-6A-Q21,algebra,function_domain_range,0.85,2,easy,no
Test-6A-Q22,combinatorics,counting_principle,0.85,2,easy,no
Test-6A-Q23,algebra,function_graph,0.55,2,easy,yes
Test-6A-Q24,geometry,coordinate_geometry,0.80,2,easy,no
Test-6A-Q25,algebra,progression,0.95,3,medium,no
Test-6A-Q26,algebra,function_inverse_composite,0.75,3,medium,no
Test-6A-Q27,linear algebra,vector_geometry,0.85,3,medium,no
Test-6A-Q28,algebra,complex_numbers,0.95,3,medium,no
Test-6A-Q29,algebra,complex_numbers,0.90,3,medium,no
Test-6A-Q3,algebra,number_representation,0.95,1,easy,no
Test-6A-Q30,linear algebra,geometric_transformation,0.70,3,medium,no
Test-6A-Q31,probability,discrete_distribution,0.55,3,medium,yes
Test-6A-Q32,calculus,indefinite_integral,0.95,3,medium,no
Test-6A-Q33,algebra,polynomial_factoring,0.50,3,medium,yes
Test-6A-Q34,linear algebra,vector_geometry,0.80,3,medium,no
Test-6A-Q35,algebra,complex_numbers,0.85,3,medium,no
Test-6A-Q36,calculus,derivative_rules,0.70,3,medium,no
Test-6A-Q4,geometry,triangle_geometry,0.95,1,easy,no
Test-6A-Q5,geometry,triangle_geometry,0.85,1,easy,no
Test-6A-Q6,algebra,rational_expression,0.80,1,easy,no
Test-6A-Q7,algebra,coordinate_geometry,0.75,1,easy,no
Test-6A-Q8,algebra,linear_equation,0.85,1,easy,no
Test-6A-Q9,algebra,fraction_arithmetic,0.95,1,easy,no
Test-6B-Q1,trigonometry,trig_value,0.80,1,easy,no
Test-6B-Q10,algebra,quadratic_equation,0.90,1,easy,no
Test-6B-Q11,combinatorics,counting_principle,0.70,1,easy,no
Test-6B-Q12,algebra,exponent_rules,0.60,1,easy,yes
Test-6B-Q13,algebra,function_domain_range,0.60,2,easy,yes
Test-6B-Q14,geometry,triangle_geometry,0.85,2,easy,no
Test-6B-Q15,algebra,radical_expression,0.90,2,easy,no
Test-6B-Q16,combinatorics,counting_principle,0.90,2,easy,no
Test-6B-Q17,algebra,logarithm,0.90,2,easy,no
Test-6B-Q18,geometry,circle_geometry,0.85,2,easy,no
Test-6B-Q19,combinatorics,permutation_arrangement,0.90,2,easy,no
Test-6B-Q2,algebra,polynomial_factoring,0.80,1,easy,no
Test-6B-Q20,algebra,quadratic_equation,0.85,2,easy,no
Test-6B-Q21,algebra,function_domain_range,0.85,2,easy,no
Test-6B-Q22,combinatorics,counting_principle,0.85,2,easy,no
Test-6B-Q23,algebra,function_graph,0.55,2,easy,yes
Test-6B-Q24,geometry,coordinate_geometry,0.80,2,easy,no
Test-6B-Q25,algebra,progression,0.95,3,medium,no
Test-6B-Q26,algebra,function_inverse_composite,0.75,3,medium,no
Test-6B-Q27,linear algebra,vector_geometry,0.85,3,medium,no
Test-6B-Q28,algebra,complex_numbers,0.95,3,medium,no
Test-6B-Q29,algebra,complex_numbers,0.90,3,medium,no
Test-6B-Q3,algebra,number_representation,0.95,1,easy,no
Test-6B-Q30,linear algebra,matrix_inverse,0.80,3,medium,no
Test-6B-Q31,probability,discrete_distribution,0.55,3,medium,yes
Test-6B-Q32,calculus,indefinite_integral,0.95,3,medium,no
Test-6B-Q33,algebra,polynomial_factoring,0.50,3,medium,yes
Test-6B-Q34,linear algebra,vector_geometry,0.80,3,medium,no
Test-6B-Q35,algebra,complex_numbers,0.85,3,medium,no
Test-6B-Q36,calculus,derivative_rules,0.70,3,medium,no
Test-6B-Q4,geometry,triangle_geometry,0.95,1,easy,no
Test-6B-Q5,geometry,triangle_geometry,0.85,1,easy,no
Test-6B-Q6,algebra,rational_expression,0.80,1,easy,no
Test-6B-Q7,algebra,coordinate_geometry,0.75,1,easy,no
Test-6B-Q8,algebra,linear_equation,0.85,1,easy,no
Test-6B-Q9,algebra,fraction_arithmetic,0.95,1,easy,no
Test-7A-Q1,Алгебр,linear_equation,0.95,1,easy,no
Test-7A-Q10,Алгебр,linear_equation,0.90,1,easy,no
Test-7A-Q11,Алгебр,radical_expression,0.90,1,easy,no
Test-7A-Q12,Алгебр,system_of_equations,0.95,2,easy,no
Test-7A-Q13,Алгебр,progression,0.95,2,easy,no
Test-7A-Q14,Алгебр,exponent_rules,0.85,2,easy,no
Test-7A-Q15,Геометр,polygon_geometry,0.85,2,easy,no
Test-7A-Q16,Арифметик,number_representation,0.80,2,easy,no
Test-7A-Q17,Комбинаторик,counting_principle,0.75,2,easy,no
Test-7A-Q18,Функц,function_domain_range,0.75,2,easy,no
Test-7A-Q19,Алгебр,progression,0.95,2,easy,no
Test-7A-Q2,Алгебр,exponent_rules,0.75,1,easy,no
Test-7A-Q20,Алгебр,exponent_rules,0.85,2,easy,no
Test-7A-Q21,Функц,quadratic_equation,0.65,2,easy,yes
Test-7A-Q22,Геометр,triangle_geometry,0.90,2,easy,no
Test-7A-Q23,Арифметик,word_problem_arithmetic,0.85,2,easy,no
Test-7A-Q24,Алгебр,system_of_equations,0.85,3,medium,no
Test-7A-Q25,Алгебр,logarithm,0.95,3,medium,no
Test-7A-Q26,Алгебр,exponent_rules,0.75,3,medium,no
Test-7A-Q27,Алгебр,system_of_equations,0.80,3,medium,no
Test-7A-Q28,Геометр,triangle_geometry,0.90,3,medium,no
Test-7A-Q29,Функц,function_inverse_composite,0.80,3,medium,no
Test-7A-Q3,Тоон онол,number_representation,0.55,1,easy,yes
Test-7A-Q30,Арифметик,fraction_arithmetic,0.85,3,medium,no
Test-7A-Q31,Алгебр,exponent_rules,0.85,3,medium,no
Test-7A-Q32,Алгебр,polynomial_factoring,0.80,3,medium,no
Test-7A-Q33,Алгебр,system_of_equations,0.80,3,medium,no
Test-7A-Q34,Алгебр,progression,0.70,3,medium,no
Test-7A-Q35,Функц,function_graph,0.55,3,medium,yes
Test-7A-Q36,Алгебр,quadratic_equation,0.90,3,medium,no
Test-7A-Q4,Алгебр,quadratic_inequality,0.75,1,easy,no
Test-7A-Q5,Тригонометр,trig_value,0.85,1,easy,no
Test-7A-Q6,Алгебр,quadratic_equation,0.80,1,easy,no
Test-7A-Q7,Геометр,triangle_geometry,0.85,1,easy,no
Test-7A-Q8,Арифметик,word_problem_arithmetic,0.65,1,easy,yes
Test-7A-Q9,Арифметик,number_representation,0.90,1,easy,no
Test-7B-Q1,Алгебр,linear_equation,0.95,1,easy,no
Test-7B-Q10,Алгебр,linear_equation,0.90,1,easy,no
Test-7B-Q11,Алгебр,radical_expression,0.90,1,easy,no
Test-7B-Q12,Алгебр,system_of_equations,0.95,2,easy,no
Test-7B-Q13,Алгебр,progression,0.95,2,easy,no
Test-7B-Q14,Алгебр,exponent_rules,0.85,2,easy,no
Test-7B-Q15,Геометр,polygon_geometry,0.85,2,easy,no
Test-7B-Q16,Арифметик,number_representation,0.80,2,easy,no
Test-7B-Q17,Комбинаторик,counting_principle,0.75,2,easy,no
Test-7B-Q18,Функц,function_domain_range,0.75,2,easy,no
Test-7B-Q19,Алгебр,progression,0.95,2,easy,no
Test-7B-Q2,Алгебр,exponent_rules,0.75,1,easy,no
Test-7B-Q20,Алгебр,exponent_rules,0.85,2,easy,no
Test-7B-Q21,Функц,quadratic_equation,0.65,2,easy,yes
Test-7B-Q22,Геометр,triangle_geometry,0.90,2,easy,no
Test-7B-Q23,Арифметик,word_problem_arithmetic,0.85,2,easy,no
Test-7B-Q24,Алгебр,system_of_equations,0.85,3,medium,no
Test-7B-Q25,Алгебр,logarithm,0.95,3,medium,no
Test-7B-Q26,Алгебр,exponent_rules,0.75,3,medium,no
Test-7B-Q27,Алгебр,system_of_equations,0.80,3,medium,no
Test-7B-Q28,Геометр,triangle_geometry,0.90,3,medium,no
Test-7B-Q29,Функц,function_inverse_composite,0.80,3,medium,no
Test-7B-Q3,Тоон онол,number_representation,0.55,1,easy,yes
Test-7B-Q30,Арифметик,fraction_arithmetic,0.85,3,medium,no
Test-7B-Q31,Алгебр,exponent_rules,0.85,3,medium,no
Test-7B-Q32,Алгебр,polynomial_factoring,0.80,3,medium,no
Test-7B-Q33,Алгебр,system_of_equations,0.80,3,medium,no
Test-7B-Q34,Алгебр,progression,0.70,3,medium,no
Test-7B-Q35,Функц,function_graph,0.55,3,medium,yes
Test-7B-Q36,Алгебр,quadratic_equation,0.90,3,medium,no
Test-7B-Q4,Алгебр,quadratic_inequality,0.75,1,easy,no
Test-7B-Q5,Тригонометр,trig_value,0.85,1,easy,no
Test-7B-Q6,Алгебр,quadratic_equation,0.70,1,easy,no
Test-7B-Q7,Геометр,triangle_geometry,0.85,1,easy,no
Test-7B-Q8,Арифметик,word_problem_arithmetic,0.65,1,easy,yes
Test-7B-Q9,Арифметик,number_representation,0.90,1,easy,no
